acc_x[mg],acc_y[mg],acc_z[mg]
-21.96,618.296,789.096
-23.424,614.88,790.56
-22.448,617.32,793
-21.472,614.392,792.024
-20.984,612.928,794.952
-23.424,611.464,800.32
-24.888,617.32,805.688
-26.84,618.784,805.2
-26.352,617.32,800.808
-25.376,611.952,796.416
-24.888,605.608,793
-23.424,607.56,791.048
-19.52,614.392,784.216
-19.032,619.76,782.264
-19.032,620.736,792.512
-22.936,620.248,797.392
-22.448,620.736,799.344
-22.448,618.784,799.344
-19.52,611.464,794.952
-19.52,606.584,793.976
-18.544,602.68,791.536
-22.448,604.632,791.048
-24.888,613.904,787.144
-25.864,624.152,787.632
-25.376,626.104,791.048
-23.912,623.664,793.976
-21.96,621.712,793.976
-18.056,622.2,796.904
-14.152,619.272,795.44
-14.152,617.32,798.368
-18.544,614.392,799.344
-20.984,619.272,797.88
-25.864,626.104,794.464
-26.84,630.984,794.952
-25.864,630.984,793.976
-23.912,626.104,796.416
-20.984,621.712,796.904
-20.984,615.856,795.44
-21.96,614.392,797.88
-22.448,613.416,799.832
-24.4,613.904,802.272
-24.4,615.368,801.296
-23.424,615.368,802.272
-22.448,614.392,797.88
-20.496,617.808,795.928
-22.936,620.736,793
-23.424,625.616,789.584
-22.448,625.616,792.024
-22.448,623.176,796.904
-21.96,619.272,795.44
-20.984,615.856,797.392
-18.056,612.44,800.32
-18.056,617.808,796.904
-19.52,622.2,791.536
-21.472,623.664,784.704
-20.496,620.248,782.752
-19.52,619.272,780.8
-22.936,618.296,785.68
-21.96,610.488,789.584
-21.472,607.072,792.024
-20.984,609.512,793
-18.056,616.832,793
-19.52,619.272,794.952
-20.496,618.296,794.464
-20.496,620.248,788.608
-18.056,625.128,780.8
-17.08,624.64,779.336
-19.52,622.688,773.968
-20.984,627.568,779.336
-21.96,627.568,789.096
-22.936,631.96,791.536
-25.376,633.424,794.464
-24.4,628.056,797.392
-19.52,623.664,792.024
-20.008,629.52,791.536
-15.128,631.472,785.68
-8.784,624.152,773.968
-6.832,619.272,741.76
2.44,619.272,700.28
25.376,631.96,686.128
40.504,732.488,793.488
87.352,972.584,998.448
248.88,1085.8,946.72
293.288,801.296,618.296
170.312,447.008,50.264
-148.352,-17.08,-188.368
-1366.888,-243.512,1516.216
-841.8,248.88,2225.768
1127.28,1000.888,1430.328
424.56,1295.64,625.128
-170.8,661.728,735.416
-56.12,-84.912,962.824
-42.456,149.328,910.608
-9.76,485.56,904.264
139.08,662.216,763.232
68.32,651.968,720.776
-3.416,668.072,711.992
7.808,632.936,729.56
68.808,610,746.152
71.248,616.344,770.064
36.112,633.912,812.032
10.248,602.192,842.288
6.344,569.008,867.664
-0.488,556.32,836.92
-8.784,585.112,740.784
-4.392,622.688,674.904
10.736,653.92,694.424
57.584,676.856,710.04
-29.768,661.728,707.112
-243.024,652.456,923.784
-117.12,615.856,895.48
44.408,455.304,710.04
71.736,295.24,562.664
131.76,351.848,656.36
176.168,594.872,769.576
159.088,803.248,878.4
91.744,837.408,946.72
19.032,691.984,1010.648
-38.064,664.656,1096.048
40.992,870.592,836.92
208.376,851.56,476.288
44.408,557.296,496.784
-36.6,447.496,540.704
60.512,603.656,598.776
16.592,774.456,680.76
-84.424,789.584,745.664
-58.072,722.728,747.616
-20.496,658.312,780.8
-26.84,619.272,861.808
-34.16,628.056,916.952
-20.984,652.944,893.528
-0.976,683.2,837.896
18.056,703.208,792.024
21.472,710.528,752.984
10.248,703.208,717.36
0,667.096,709.552
1.464,626.592,736.392
2.44,617.32,751.032
1.952,611.464,778.848
4.88,601.216,807.152
5.368,610,833.016
-1.952,625.616,821.792
0.976,647.576,783.24
15.128,654.408,753.96
28.304,660.752,719.8
29.28,671.488,710.04
20.984,662.216,740.784
1.464,653.92,774.944
-4.88,656.848,795.44
23.424,680.76,788.608
56.608,734.44,815.448
59.536,716.384,980.88
49.776,689.544,1131.184
89.792,699.304,1162.416
204.472,856.44,918.416
385.52,1051.152,106.384
409.92,860.344,-760.304
412.848,495.32,-1041.88
-869.128,-26.84,1104.344
-2217.96,-32.696,2211.128
644.648,448.472,2200.88
1008.696,1036.512,791.048
-79.544,880.84,588.04
-238.632,31.72,1004.304
97.112,14.64,974.536
88.328,497.76,920.368
178.608,808.128,703.208
107.36,834.968,772.992
87.84,882.792,746.64
49.776,795.44,704.672
17.568,807.64,719.312
-2.44,844.24,758.352
-13.664,765.672,793.976
-40.992,624.64,867.176
-64.904,501.664,958.92
-63.44,445.544,973.072
-85.888,486.048,937.448
-92.232,567.056,912.56
-47.824,616.344,857.904
0,591.944,804.224
-52.216,421.632,760.792
-202.032,510.448,975.024
-60.512,646.6,864.736
153.72,534.36,647.576
118.584,320.616,482.632
41.968,260.592,456.768
57.096,487.512,472.384
126.88,806.664,615.368
134.2,957.944,788.12
66.856,892.064,996.496
89.304,859.856,886.696
200.568,759.328,443.104
-104.432,478.24,477.752
-117.608,535.824,432.856
12.2,844.728,549.976
-34.648,935.496,752.496
-156.16,820.816,880.84
-135.176,687.104,913.048
-91.744,593.408,924.272
-53.192,601.216,921.832
-32.208,652.944,876.448
-1.464,641.72,813.008
40.504,634.888,752.496
71.736,647.576,701.744
59.048,678.32,679.784
28.304,687.104,664.656
1.464,646.112,678.32
-18.056,626.592,721.264
-28.792,655.872,797.392
-39.528,695.4,844.24
-42.456,696.864,816.424
-27.328,704.184,775.92
-4.88,732,750.056
-2.928,759.816,714.432
-11.224,743.712,667.096
-14.64,696.864,661.24
-20.984,668.072,687.104
-36.112,674.904,731.024
-41.48,694.912,783.24
-41.48,708.576,799.344
-34.648,725.168,778.848
-9.272,723.704,749.08
16.104,733.952,722.728
15.128,742.736,693.448
-2.44,693.936,676.368
-23.424,615.368,692.472
-37.088,590.968,723.704
-37.576,630.496,754.448
-29.768,681.248,789.584
-29.768,700.28,792.024
-34.16,689.544,772.504
-23.912,697.352,740.296
-9.272,725.168,705.648
-6.832,704.184,717.36
-20.008,651.968,738.344
-36.112,629.032,736.88
-30.744,644.648,734.44
-24.4,680.76,742.736
-21.472,701.256,755.424
-20.984,700.768,769.088
-18.544,691.984,767.624
-13.664,678.808,747.616
-6.832,691.984,713.944
-0.976,708.576,693.448
-8.296,705.16,705.16
-30.256,680.76,732.488
-45.872,646.112,760.792
-43.432,649.528,783.24
-34.16,677.344,788.12
-24.888,683.688,771.04
-16.592,679.296,745.176
-7.32,679.296,735.904
-5.856,700.768,720.776
-11.224,720.288,710.528
-20.008,692.96,728.096
-31.232,647.088,748.592
-32.696,637.328,757.864
-26.352,665.632,759.328
-17.08,692.472,752.496
-15.616,697.352,741.272
-13.176,688.08,737.856
-10.248,684.176,735.904
-12.2,687.104,733.464
-17.568,674.416,739.32
-22.448,655.384,752.008
-23.912,648.552,758.352
-21.472,665.144,749.568
-16.592,687.104,748.592
-14.152,692.472,747.616
-14.64,688.08,747.616
-12.2,688.568,740.784
-10.736,687.104,727.12
-13.664,680.272,730.048
-19.032,671.976,729.072
-21.472,675.392,730.536
-21.472,684.664,735.904
-20.984,682.712,745.176
-18.056,677.832,752.984
-18.544,671.488,748.104
-15.616,676.368,741.272
-15.616,695.4,732
-20.984,698.816,728.096
-24.4,685.152,732
-27.328,683.688,730.048
-29.28,680.272,734.928
-30.256,676.368,745.664
-27.816,672.952,747.616
-25.864,663.68,742.736
-23.912,662.216,739.808
-22.936,658.8,743.712
-22.936,675.392,742.736
-24.4,703.208,737.856
-22.936,711.504,737.368
-25.376,690.032,731.512
-20.008,673.928,730.048
-17.08,677.344,734.928
-17.568,680.76,740.784
-22.448,668.56,741.76
-26.84,670.512,747.616
-30.256,678.808,751.032
-26.352,691.008,750.056
-20.496,698.328,751.032
